text,label
"Hôm nay tôi đi làm muộn.","Negative"
"Tôi vừa hoàn thành dự án!","Positive"
"Cuộc họp hôm nay khá hiệu quả.","Positive"
"Tôi cảm thấy hơi mệt mỏi với deadline.","Negative"
"Bài giảng hôm nay dễ hiểu.","Positive"
"Sếp vừa giao thêm việc mới.","Neutral"
"Tôi không hiểu sao code chạy lỗi hoài.","Negative"
"Tôi được đồng nghiệp giúp đỡ nhiệt tình.","Positive"
"Buổi học nhóm diễn ra đúng kế hoạch.","Neutral"
"Tôi nhận được email phản hồi tích cực từ khách hàng.","Positive"
"Áp lực công việc dạo này hơi lớn.","Negative"
"Chỉ tiêu tháng này đã đạt được.","Positive"
"Trời mưa nên tôi hơi ngại đi học.","Negative"
"Tài liệu tham khảo khá đầy đủ.","Neutral"
"Tôi tìm ra lỗi sai trong báo cáo.","Neutral"
"Tôi thuyết trình thành công ngoài mong đợi.","Positive"
"Máy tính lại bị treo, tôi mất hết dữ liệu chưa lưu.","Negative"
"Tôi học được một kỹ năng mới rất hữu ích.","Positive"
"Lịch thi đã được công bố.","Neutral"
"Tôi chán nản vì công việc lặp đi lặp lại.","Negative"
"Không khí làm việc trong team rất tốt.","Positive"
"Điểm kiểm tra giữa kỳ của tôi không cao lắm.","Negative"
"Tôi đang chuẩn bị cho buổi phỏng vấn chiều nay.","Neutral"
"Tôi vui vì được tăng lương.","Positive"
"Tôi trễ giờ nộp bài tập lớn.","Negative"
"Tôi đang đọc quy trình làm việc mới.","Neutral"
"Tôi giải quyết xong vấn đề khó khăn của khách hàng.","Positive"
"Tôi cảm thấy lạc lõng trong môi trường mới.","Negative"
"Tôi tham gia seminar thấy cũng bình thường.","Neutral"
"Tôi mong chờ kỳ nghỉ lễ sắp tới.","Positive"
"Lại một ngày làm việc bình thường.","Neutral"
"Tôi bị sếp phê bình vì sai sót.","Negative"
"Ý tưởng mới được mọi người đón nhận.","Positive"
"Tôi đang phân vân không biết nên chọn khóa học nào.","Neutral"
"Tôi hoàn thành khóa học online đúng hạn.","Positive"
"Tôi mất tập trung khi học bài.","Negative"
"Tôi gửi email xin nghỉ phép.","Neutral"
"Dự án mới có vẻ thú vị.","Positive"
"Tôi quên mất lịch họp sáng nay.","Negative"
"Tôi đọc email thông báo nội bộ.","Neutral"
"Tôi hài lòng với kết quả bài thi cuối kỳ.","Positive"
"Công việc hiện tại không có gì tiến triển.","Negative"
"Tôi sắp xếp lại bàn làm việc cho gọn gàng.","Neutral"
"Tôi được cử đi đào tạo chuyên môn.","Positive"
"Tôi cảm thấy quá tải với bài tập về nhà.","Negative"
"Tôi đang cập nhật hồ sơ cá nhân trên hệ thống công ty.","Neutral"
"Tôi rất vui khi nhận được offer công việc mới.","Positive"
"Mạng công ty chậm quá, làm việc không hiệu quả.","Negative"
"Tôi đã nộp báo cáo thực tập.","Neutral"
"Tôi tự hào về thành tích học tập của mình.","Positive"
"Tôi hoàn thành xuất sắc bài thuyết trình quan trọng.","Positive"
"Tôi cảm thấy kiệt sức sau một ngày dài làm việc.","Negative"
"Tôi đang xem lại ghi chú buổi học trước.","Neutral"
"Tôi nhận được lời khen từ giáo viên hướng dẫn.","Positive"
"Tôi gặp khó khăn khi giải bài tập này.","Negative"
"Lịch làm việc tuần này khá dày đặc.","Neutral"
"Team vừa đạt được mục tiêu quý.","Positive"
"Tôi không hài lòng với chất lượng buổi họp online.","Negative"
"Tôi đang chuẩn bị tài liệu cho cuộc họp chiều mai.","Neutral"
"Tôi tìm được nguồn tài liệu tham khảo rất hay.","Positive"
"Deadline đang đến rất gần, tôi hơi lo lắng.","Negative"
"Tôi chỉ đơn giản là đang kiểm tra email công việc.","Neutral"
"Tôi học hỏi được nhiều điều từ đồng nghiệp mới.","Positive"
"Tôi cảm thấy lạc hậu với công nghệ mới của công ty.","Negative"
"Tôi đã đăng ký tham gia khóa học kỹ năng mềm.","Neutral"
"Tôi rất vui vì ý tưởng của mình được chấp nhận.","Positive"
"Tôi mất khá nhiều thời gian để sửa lỗi code.","Negative"
"Tôi đang soạn thảo hợp đồng cho khách hàng.","Neutral"
"Kết quả học tập kỳ này của tôi tiến bộ rõ rệt.","Positive"
"Buổi phỏng vấn không được như tôi mong đợi.","Negative"
"Tôi tham gia buổi định hướng cho sinh viên mới.","Neutral"
"Tôi được thăng chức lên vị trí mới!","Positive"
"Tôi cảm thấy nhàm chán với công việc hiện tại.","Negative"
"Tôi đang cập nhật tiến độ dự án.","Neutral"
"Tôi hoàn thành bài kiểm tra sớm hơn dự kiến.","Positive"
"Tôi không tìm thấy tài liệu cần thiết trong thư viện.","Negative"
"Tôi đọc thông báo về lịch nghỉ lễ.","Neutral"
"Tôi nhận được phần thưởng nhân viên xuất sắc tháng.","Positive"
"Tôi tranh cãi với đồng nghiệp về phương án thực hiện.","Negative"
"Tôi gửi báo cáo tuần cho quản lý.","Neutral"
"Bài giảng hôm nay rất truyền cảm hứng.","Positive"
"Điểm số môn chuyên ngành của tôi hơi thấp.","Negative"
"Tôi đang đợi phản hồi từ nhà tuyển dụng.","Neutral"
"Tôi hài lòng với môi trường làm việc năng động.","Positive"
"Máy in văn phòng lại hỏng.","Negative"
"Tôi tham dự webinar về xu hướng ngành.","Neutral"
"Tôi giải quyết thành công một khiếu nại phức tạp.","Positive"
"Tôi cảm thấy áp lực khi phải chạy đua với chỉ tiêu.","Negative"
"Tôi xem lại lịch học và lịch thi.","Neutral"
"Tôi tự học thêm một ngôn ngữ lập trình mới.","Positive"
"Tôi quên lưu file và bị mất dữ liệu quan trọng.","Negative"
"Tôi đang lên kế hoạch học tập cho kỳ mới.","Neutral"
"Tôi được sếp tin tưởng giao phó dự án lớn.","Positive"
"Công việc chồng chất, tôi không biết bắt đầu từ đâu.","Negative"
"Tôi chỉ đang lướt qua các tin tức nội bộ.","Neutral"
"Tôi tốt nghiệp với tấm bằng loại Giỏi!","Positive"
"Tôi cảm thấy bị đối xử không công bằng trong nhóm.","Negative"
"Tôi đang chuẩn bị slide cho buổi báo cáo tuần sau.","Neutral"
"Tôi nhận được học bổng du học.","Positive"
"Tôi làm việc quá giờ liên tục mấy ngày nay.","Negative"
"Tôi đang tìm kiếm thông tin cho bài luận.","Neutral"
"Khách hàng rất hài lòng với sản phẩm.","Positive"
"Tôi gặp sự cố kỹ thuật khi đang thuyết trình online.","Negative"
"Tôi đang chờ xác nhận lịch họp từ đối tác.","Neutral"
"Tôi tự tin hơn vào khả năng của bản thân sau khóa học.","Positive"
"Tôi cảm thấy thiếu động lực để đi làm.","Negative"
"Tôi đang xem xét các lựa chọn nghề nghiệp.","Neutral"
"Tôi đạt được chứng chỉ chuyên môn mới.","Positive"
"Tôi bị lạc đường đến địa điểm phỏng vấn.","Negative"
"Tôi ghi danh vào câu lạc bộ học thuật.","Neutral"
"Không khí làm việc trong team rất hỗ trợ nhau.","Positive"
"Tôi lo lắng về bài kiểm tra sắp tới.","Negative"
"Tôi đang đọc email hướng dẫn công việc.","Neutral"
"Tôi hoàn thành khóa thực tập với đánh giá tốt.","Positive"
"Tôi cảm thấy bị cô lập trong lớp học.","Negative"
"Tôi sắp xếp lại tài liệu học tập.","Neutral"
"Tôi nhận được phản hồi tích cực về bài viết.","Positive"
"Tôi mất tập trung vì tiếng ồn ở văn phòng.","Negative"
"Tôi đang xem danh sách các môn học tự chọn.","Neutral"
"Tôi vượt qua kỳ thi sát hạch năng lực.","Positive"
"Công việc quá nhiều thủ tục rườm rà.","Negative"
"Tôi tham khảo ý kiến của giảng viên.","Neutral"
"Tôi được mời phát biểu tại hội thảo.","Positive"
"Tôi cảm thấy mông lung về định hướng tương lai.","Negative"
"Tôi đang làm bài tập nhóm qua mạng.","Neutral"
"Tôi rất vui vì tìm được lỗi sai trong logic code.","Positive"
"Internet ở trường rất chậm.","Negative"
"Tôi đọc quy định mới của công ty.","Neutral"
"Tôi học được một phương pháp làm việc hiệu quả hơn.","Positive"
"Deadline của dự án bị dời lại.","Neutral"
"Tôi cảm thấy bị đánh giá thấp năng lực.","Negative"
"Tôi tham gia buổi workshop về kỹ năng viết CV.","Positive"
"Tôi đang chờ thang máy để lên văn phòng.","Neutral"
"Tôi nhận được tin nhắn cảm ơn từ khách hàng.","Positive"
"Tôi lỡ mất buổi học quan trọng do ngủ quên.","Negative"
"Tôi xem lại bản ghi âm bài giảng.","Neutral"
"Tôi được đồng nghiệp chia sẻ kinh nghiệm quý báu.","Positive"
"Tôi cảm thấy stress vì khối lượng công việc lớn.","Negative"
"Tôi chỉ đang kiểm tra lịch cá nhân.","Neutral"
"Tôi hoàn thành mục tiêu cá nhân đề ra trong tháng.","Positive"
"Máy tính bị nhiễm virus, tôi mất hết tài liệu.","Negative"
"Tôi đang tìm thông tin liên hệ của giáo vụ khoa.","Neutral"
"Tôi rất hào hứng với dự án sắp tới.","Positive"
"Buổi họp kéo dài và không đi đến kết luận.","Negative"
"Tôi đang cài đặt phần mềm cần thiết cho công việc.","Neutral"
"Tôi tìm được công việc thực tập đúng chuyên ngành.","Positive"
"Tôi cảm thấy không phù hợp với văn hóa công ty.","Negative"
"Tôi đọc email thông báo lịch họp đột xuất.","Neutral"
"Tôi đạt điểm tuyệt đối trong bài thi thực hành.","Positive"
"Tôi gặp khó khăn trong việc giao tiếp với sếp.","Negative"
"Tôi đang xem xét các chương trình sau đại học.","Neutral"
"Tôi hoàn thành báo cáo đúng thời hạn quy định.","Positive"
"Bài tập về nhà quá khó, tôi không làm được.","Negative"
"Tôi tham gia buổi tư vấn hướng nghiệp.","Neutral"
"Tôi nhận được thưởng cuối năm cao hơn mong đợi.","Positive"
"Tôi cảm thấy bị quá tải thông tin.","Negative"
"Tôi đang trả lời email của đồng nghiệp.","Neutral"
"Tôi tự tin trình bày ý tưởng của mình.","Positive"
"Tôi xung đột với thành viên trong nhóm học tập.","Negative"
"Tôi đang đợi xe buýt để đến trường.","Neutral"
"Tôi được ghi nhận đóng góp trong dự án chung.","Positive"
"Công việc đòi hỏi phải di chuyển nhiều, tôi khá mệt.","Negative"
"Tôi xem lại đề cương ôn tập cuối kỳ.","Neutral"
"Tôi rất thích thú khi học được kiến thức mới.","Positive"
"Tôi cảm thấy bế tắc trong việc tìm ý tưởng.","Negative"
"Tôi đang cập nhật trạng thái công việc trên hệ thống.","Neutral"
"Tôi hoàn thành xuất sắc nhiệm vụ được giao.","Positive"
"Tôi bị điểm kém môn không ngờ tới.","Negative"
"Tôi chỉ đang sắp xếp lại không gian làm việc.","Neutral"
"Tôi nhận được lời mời làm việc từ công ty mơ ước.","Positive"
"Môi trường làm việc khá ồn ào và xao nhãng.","Negative"
"Tôi đang tìm phòng học trống để tự học.","Neutral"
"Tôi học hỏi nhanh chóng quy trình làm việc mới.","Positive"
"Tôi cảm thấy áp lực từ sự kỳ vọng của gia đình.","Negative"
"Tôi tham gia buổi nói chuyện của cựu sinh viên.","Neutral"
"Tôi được tăng lương sau kỳ đánh giá.","Positive"
"Công việc không có nhiều cơ hội phát triển.","Negative"
"Tôi đang chuẩn bị cho bài kiểm tra 15 phút.","Neutral"
"Tôi rất vui vì đã giúp đỡ được đồng nghiệp.","Positive"
"Tôi gặp trục trặc khi nộp bài online.","Negative"
"Tôi đọc các bài báo nghiên cứu liên quan.","Neutral"
"Tôi hài lòng với tiến độ học tập của bản thân.","Positive"
"Tôi cảm thấy lạc lõng khi mới chuyển bộ phận.","Negative"
"Tôi đang xem thông tin tuyển dụng trên mạng.","Neutral"
"Tôi hoàn thành một dự án cá nhân tâm huyết.","Positive"
"Tôi bị sếp khiển trách trước mặt mọi người.","Negative"
"Tôi tham gia hoạt động ngoại khóa của trường.","Neutral"
"Tôi nhận được email xác nhận hoàn thành khóa học.","Positive"
"Công việc quá đơn điệu và lặp lại.","Negative"
"Tôi đang đợi giáo viên vào lớp.","Neutral"
"Tôi tự hào về sản phẩm mình làm ra.","Positive"
"Tôi cảm thấy khó khăn khi phải làm việc nhóm với người không hợp.","Negative"
"Tôi chỉ đang xem lại lịch trình ngày hôm nay.","Neutral"
"Tôi được chọn làm trưởng nhóm dự án.","Positive"
"Mất điện đột ngột, công việc bị gián đoạn.","Negative"
"Tôi đang tìm kiếm số điện thoại phòng đào tạo.","Neutral"
"Tôi rất ấn tượng với bài giảng của giáo sư khách mời.","Positive"
"Tôi cảm thấy bị đối xử bất công trong việc phân công nhiệm vụ.","Negative"
"Tôi tham gia một cuộc khảo sát về mức độ hài lòng công việc.","Neutral"
"Tôi đạt được thỏa thuận quan trọng với đối tác.","Positive"
"Tôi lo lắng vì chưa chuẩn bị kịp cho buổi họp.","Negative"
"Tôi đang đọc email chung của toàn công ty.","Neutral"
"Tôi hoàn thành chương trình thực tập sinh xuất sắc.","Positive"
"Tôi cảm thấy nản lòng vì tìm việc mãi chưa được.","Negative"
"Tôi xem thông báo kết quả thi trên website trường.","Neutral"
"Tôi tự tin áp dụng kiến thức đã học vào thực tế.","Positive"
"Tôi gặp khó khăn trong việc cân bằng giữa học và làm.","Negative"
"Tôi đang ghi chép lại những ý chính của bài học.","Neutral"
"Tôi nhận được quà cảm ơn từ khách hàng thân thiết.","Positive"
"Tôi bị từ chối đề xuất tăng lương.","Negative"
"Tôi tham dự lễ tốt nghiệp của bạn.","Neutral"
"Tôi rất vui khi giải được bài toán khó.","Positive"
"Tôi cảm thấy bị bỏ rơi trong các hoạt động nhóm.","Negative"
"Tôi đang cập nhật phần mềm học tập.","Neutral"
"Tôi được công nhận là sinh viên tiêu biểu của khoa.","Positive"
"Công việc đòi hỏi phải học hỏi liên tục, tôi hơi áp lực.","Negative"
"Tôi chỉ đang xem qua các đầu việc cần làm.","Neutral"
"Tôi hài lòng với sự hỗ trợ từ bộ phận IT.","Positive"
"Tôi quên mang tài liệu quan trọng đến cuộc họp.","Negative"
"Tôi đang tìm đường đến văn phòng mới.","Neutral"
"Tôi học được cách quản lý thời gian hiệu quả hơn.","Positive"
"Tôi cảm thấy không được tôn trọng ý kiến cá nhân.","Negative"
"Tôi tham gia buổi chia sẻ kinh nghiệm học tiếng Anh.","Neutral"
"Tôi đạt doanh số vượt chỉ tiêu đề ra.","Positive"
"Tôi mệt mỏi vì phải di chuyển xa đến chỗ làm.","Negative"
"Tôi đang xem lại các quy tắc ứng xử nơi công sở.","Neutral"
"Tôi tìm ra giải pháp sáng tạo cho vấn đề cũ.","Positive"
"Tôi cảm thấy thất vọng về kết quả dự án.","Negative"
"Tôi đang đợi nhận xét từ giảng viên về bài luận.","Neutral"
"Tôi rất hào hứng khi được tham gia dự án quốc tế.","Positive"
"Công việc quá tải, tôi không có thời gian nghỉ ngơi.","Negative"
"Tôi chỉ đang kiểm tra lại thông tin cá nhân.","Neutral"
"Tôi hoàn thành khóa đào tạo nội bộ với kết quả cao.","Positive"
"Tôi bị hiểu lầm ý trong buổi thảo luận nhóm.","Negative"
"Tôi tham gia hội chợ việc làm của trường.","Neutral"
"Tôi nhận được bằng khen vì thành tích xuất sắc.","Positive"
"Tôi cảm thấy chán nản vì không tìm được việc làm phù hợp.","Negative"
"Tôi đang đọc tin tức về ngành học của mình.","Neutral"
"Tôi rất vui vì được làm việc với những người giỏi.","Positive"
"Tôi gặp khó khăn khi thích nghi với môi trường làm việc mới.","Negative"
"Tôi đang chuẩn bị hồ sơ xin việc.","Neutral"
"Tôi tự hào khi thấy sản phẩm của mình được ra mắt.","Positive"
"Tôi cảm thấy bị đánh giá không khách quan.","Negative"
"Tôi tham gia seminar về trí tuệ nhân tạo.","Neutral"
"Tôi được sếp tạo điều kiện để phát triển bản thân.","Positive"
"Áp lực từ công việc khiến tôi mất ngủ.","Negative"
"Tôi đang xem lại các yêu cầu của bài tập lớn.","Neutral"
"Tôi hài lòng với mức lương và phúc lợi hiện tại.","Positive"
"Tôi bị trễ deadline nộp báo cáo.","Negative"
"Tôi chỉ đang đọc email thông báo nghỉ họp.","Neutral"
"Tôi nhận được chứng chỉ hoàn thành khóa học online.","Positive"
"Tôi cảm thấy không có tiếng nói trong công ty.","Negative"
"Tôi đang tìm kiếm tài liệu ở thư viện trực tuyến.","Neutral"
"Tôi rất vui vì nhận được sự giúp đỡ khi cần.","Positive"
"Công việc đòi hỏi kỹ năng mà tôi chưa có.","Negative"
"Tôi tham gia buổi hướng dẫn sử dụng phần mềm mới.","Neutral"
"Tôi đạt được thỏa thuận về lương với nhà tuyển dụng.","Positive"
"Tôi cảm thấy kiệt sức vì lịch học quá dày.","Negative"
"Tôi đang kiểm tra lại lỗi chính tả trong bài viết.","Neutral"
"Tôi tự tin hơn sau khi hoàn thành khóa học kỹ năng.","Positive"
"Tôi bị đồng nghiệp nói xấu sau lưng.","Negative"
"Tôi chỉ đang xem giờ trên máy tính.","Neutral"
"Tôi hoàn thành dự án đúng tiến độ và chất lượng.","Positive"
"Tôi gặp khó khăn khi sử dụng thiết bị phòng thí nghiệm.","Negative"
"Tôi đang đọc hướng dẫn an toàn lao động.","Neutral"
"Tôi rất thích văn hóa chia sẻ kiến thức ở đây.","Positive"
"Tôi cảm thấy bị lợi dụng trong công việc.","Negative"
"Tôi tham gia câu lạc bộ nhiếp ảnh của trường.","Neutral"
"Tôi được khen ngợi về thái độ làm việc chuyên nghiệp.","Positive"
"Tôi mệt mỏi vì phải học thuộc quá nhiều lý thuyết.","Negative"
"Tôi đang đợi email phản hồi về đề xuất.","Neutral"
"Tôi tìm được cách giải quyết vấn đề tồn đọng.","Positive"
"Tôi cảm thấy không công bằng khi phân chia công việc nhóm.","Negative"
"Tôi chỉ đang xem lịch thi đấu thể thao của trường.","Neutral"
"Tôi nhận được đánh giá tích cực từ người quản lý trực tiếp.","Positive"
"Tôi bị trừ điểm vì nộp bài muộn.","Negative"
"Tôi đang xem lại bản nháp của báo cáo.","Neutral"
"Tôi rất vui vì bài báo của mình được đăng.","Positive"
"Tôi cảm thấy áp lực khi phải cạnh tranh với đồng nghiệp.","Negative"
"Tôi tham gia buổi giao lưu với doanh nghiệp.","Neutral"
"Tôi hoàn thành mục tiêu doanh số cá nhân sớm.","Positive"
"Tôi mệt mỏi vì phải tham gia quá nhiều cuộc họp vô bổ.","Negative"
"Tôi đang tìm kiếm thông tin về học bổng.","Neutral"
"Tôi học được nhiều kỹ năng thực tế từ công việc.","Positive"
"Tôi cảm thấy không được ghi nhận xứng đáng.","Negative"
"Tôi chỉ đang sắp xếp lại các file trên máy tính.","Neutral"
"Tôi rất hài lòng với kết quả làm việc nhóm.","Positive"
"Tôi gặp sự cố với tài khoản đăng nhập hệ thống.","Negative"
"Tôi đang đọc email mời tham dự sự kiện.","Neutral"
"Tôi tự hào về sự tiến bộ của bản thân qua từng ngày.","Positive"
"Tôi cảm thấy buồn vì kết quả học tập không như ý.","Negative"
"Tôi tham gia một khóa học vẽ thư giãn.","Neutral"
"Tôi được đề bạt lên vị trí quản lý nhóm.","Positive"
"Công việc quá áp lực, ảnh hưởng sức khỏe của tôi.","Negative"
"Tôi đang chuẩn bị câu hỏi cho buổi phỏng vấn.","Neutral"
"Tôi rất vui vì ý tưởng sáng tạo được đưa vào thực hiện.","Positive"
"Tôi bị phê bình vì một lỗi nhỏ không đáng có.","Negative"
"Tôi chỉ đang đọc nội quy phòng học.","Neutral"
"Tôi hoàn thành bài thi cuối kỳ một cách suôn sẻ.","Positive"
"Tôi cảm thấy khó khăn khi phải làm việc độc lập.","Negative"
"Tôi đang tìm thông tin về các khóa học hè.","Neutral"
"Tôi nhận được sự công nhận từ ban lãnh đạo công ty.","Positive"
"Tôi mệt mỏi vì công việc không có điểm dừng.","Negative"
"Tôi tham gia buổi workshop về quản lý dự án.","Neutral"
"Tôi rất hào hứng với cơ hội học hỏi mới.","Positive"
"Tôi bị mất tài liệu quan trọng do máy tính hỏng.","Negative"
"Tôi đang xem xét các lựa chọn cho kỳ thực tập.","Neutral"
"Tôi hài lòng với sự hợp tác của các thành viên trong team.","Positive"
"Tôi cảm thấy bị cô lập trong môi trường làm việc.","Negative"
"Tôi chỉ đang lướt web tìm cảm hứng làm việc.","Neutral"
"Tôi đạt được chứng chỉ ngoại ngữ mới.","Positive"
"Tôi gặp khó khăn khi trình bày ý kiến trước đám đông.","Negative"
"Tôi đang đọc email thông báo về thay đổi nhân sự.","Neutral"
"Tôi rất vui vì đã vượt qua được thử thách khó khăn.","Positive"
"Tôi cảm thấy không hài lòng với cách quản lý của sếp.","Negative"
"Tôi tham gia buổi hội thảo chuyên ngành.","Neutral"
"Tôi được thưởng một chuyến du lịch vì thành tích tốt.","Positive"
"Áp lực công việc khiến tôi cảm thấy căng thẳng.","Negative"
"Tôi đang soạn email xin nghỉ phép.","Neutral"
"Tôi tìm được phương pháp học tập phù hợp với bản thân.","Positive"
"Tôi bị từ chối tham gia dự án yêu thích.","Negative"
"Tôi chỉ đang kiểm tra lại lịch trình tuần tới.","Neutral"
"Tôi hoàn thành khóa học với điểm số cao nhất lớp.","Positive"
"Tôi cảm thấy mệt mỏi vì phải di chuyển liên tục.","Negative"
"Tôi đang đọc bản mô tả công việc mới.","Neutral"
"Tôi rất vui vì được làm việc trong môi trường chuyên nghiệp.","Positive"
"Tôi gặp khó khăn trong việc quản lý thời gian hiệu quả.","Negative"
"Tôi tham gia buổi thực hành tại phòng thí nghiệm.","Neutral"
"Tôi nhận được lời khen về kỹ năng giao tiếp.","Positive"
"Tôi cảm thấy thất vọng vì không đạt được mục tiêu đề ra.","Negative"
"Tôi đang chờ kết quả phỏng vấn vòng cuối.","Neutral"
"Tôi tự tin với kiến thức và kỹ năng mình có.","Positive"
"Tôi bị nhắc nhở vì đi làm muộn.","Negative"
"Tôi chỉ đang xem lại ghi chú cuộc họp trước.","Neutral"
"Tôi hoàn thành xuất sắc một dự án phức tạp.","Positive"
"Tôi cảm thấy nhàm chán với các nhiệm vụ lặp đi lặp lại.","Negative"
"Tôi đang chuẩn bị tài liệu cho buổi đào tạo.","Neutral"
"Tôi rất vui vì được công ty tài trợ đi học thêm.","Positive"
"Tôi gặp sự cố mạng khi đang làm việc online.","Negative"
"Tôi tham gia buổi giới thiệu sách mới tại thư viện.","Neutral"
"Tôi được đồng nghiệp tin tưởng và tôn trọng.","Positive"
"Tôi cảm thấy áp lực khi phải đưa ra quyết định quan trọng.","Negative"
"Tôi đang xem lại email cũ để tìm thông tin.","Neutral"
"Tôi học hỏi được nhiều điều từ những sai lầm.","Positive"
"Tôi bị đánh giá thấp hơn so với năng lực thực tế.","Negative"
"Tôi chỉ đang nghỉ giải lao giữa giờ.","Neutral"
"Tôi rất hài lòng với sự tiến bộ trong công việc.","Positive"
"Tôi quên nộp bài tập đúng hạn.","Negative"
"Tôi đang tìm kiếm mẫu báo cáo trên mạng.","Neutral"
"Tôi nhận được email cảm ơn từ đối tác.","Positive"
"Tôi cảm thấy không thoải mái khi làm việc dưới sự giám sát chặt chẽ.","Negative"
"Tôi tham gia hoạt động tình nguyện do trường tổ chức.","Neutral"
"Tôi được thăng tiến nhanh hơn dự kiến.","Positive"
"Công việc hiện tại không phù hợp với định hướng cá nhân của tôi.","Negative"
"Tôi đang xem lại bài giảng online.","Neutral"
"Tôi rất vui vì đã đóng góp vào thành công chung của nhóm.","Positive"
"Tôi gặp khó khăn khi phải làm việc với dữ liệu lớn.","Negative"
"Tôi chỉ đang kiểm tra thông báo trên hệ thống nội bộ.","Neutral"
"Tôi hoàn thành chương trình đào tạo kỹ năng lãnh đạo.","Positive"
"Tôi cảm thấy bế tắc khi giải quyết vấn đề kỹ thuật.","Negative"
"Tôi đang chuẩn bị cho kỳ thi giữa kỳ.","Neutral"
"Tôi nhận được phản hồi rất tích cực từ người dùng.","Positive"
"Tôi mệt mỏi vì phải tham dự các sự kiện xã giao không cần thiết.","Negative"
"Tôi tham gia buổi nói chuyện về khởi nghiệp.","Neutral"
"Tôi rất hào hứng với công nghệ mới được áp dụng.","Positive"
"Tôi bị sai sót trong báo cáo tài chính.","Negative"
"Tôi đang đợi phê duyệt yêu cầu từ cấp trên.","Neutral"
"Tôi tìm được nguồn cảm hứng mới cho công việc.","Positive"
"Tôi cảm thấy không được lắng nghe trong các cuộc họp.","Negative"
"Tôi chỉ đang sắp xếp lại lịch trình cá nhân.","Neutral"
"Tôi hoàn thành tốt đẹp vai trò của mình trong dự án.","Positive"
"Tôi gặp vấn đề tương thích phần mềm.","Negative"
"Tôi đang đọc email hướng dẫn quy trình mới.","Neutral"
"Tôi rất vui vì được làm công việc mình yêu thích.","Positive"
"Tôi cảm thấy bị quá tải với trách nhiệm được giao.","Negative"
"Tôi tham gia một lớp học yoga để giảm stress.","Neutral"
"Tôi đạt được chứng nhận quốc tế quan trọng.","Positive"
"Tôi mệt mỏi vì phải đối mặt với quá nhiều thay đổi.","Negative"
"Tôi đang tìm kiếm địa chỉ liên hệ của phòng ban khác.","Neutral"
"Tôi học được cách xử lý tình huống bất ngờ hiệu quả.","Positive"
"Tôi bị hiểu nhầm về năng lực chuyên môn.","Negative"
"Tôi chỉ đang xem lại mục tiêu công việc tuần này.","Neutral"
"Tôi rất hài lòng với không gian làm việc mới.","Positive"
"Tôi quên mật khẩu đăng nhập hệ thống.","Negative"
"Tôi đang đọc email tổng kết dự án.","Neutral"
"Tôi nhận được lời mời tham gia một dự án nghiên cứu.","Positive"
"Tôi cảm thấy áp lực phải luôn hoàn hảo.","Negative"
"Tôi tham gia buổi thực tế tại doanh nghiệp.","Neutral"
"Tôi được công nhận là nhân viên có tiềm năng.","Positive"
"Công việc đòi hỏi sự tỉ mỉ cao, tôi đôi khi mệt mỏi.","Negative"
"Tôi đang chuẩn bị cho buổi gặp mặt khách hàng.","Neutral"
"Tôi rất vui vì tìm được giải pháp tối ưu chi phí.","Positive"
"Tôi gặp khó khăn khi làm việc với sếp mới.","Negative"
"Tôi chỉ đang kiểm tra lại email đã gửi.","Neutral"
"Tôi hoàn thành khóa học nâng cao chuyên môn.","Positive"
"Tôi cảm thấy bị bỏ lại phía sau so với đồng nghiệp.","Negative"
"Tôi đang tìm kiếm các khóa học online miễn phí.","Neutral"
"Tôi rất tự hào về đội ngũ của mình.","Positive"
"Tôi mệt mỏi vì deadline gấp và khối lượng công việc lớn.","Negative"
"Tôi tham gia buổi tọa đàm về sức khỏe tinh thần.","Neutral"
"Tôi được chọn đi công tác nước ngoài.","Positive"
"Tôi cảm thấy không an toàn trong môi trường làm việc.","Negative"
"Tôi đang xem lại bản vẽ kỹ thuật.","Neutral"
"Tôi đã giải quyết được một lỗi khó nhằn trong code.","Positive"
"Tôi cảm thấy bị quá tải bởi khối lượng công việc tuần này.","Negative"
"Tôi đang tham dự cuộc họp nhóm hàng tuần.","Neutral"
"Tôi nhận được phản hồi tích cực về báo cáo vừa nộp.","Positive"
"Tôi đang vật lộn để hiểu bài giảng phức tạp này.","Negative"
"Tôi đang xem lại các yêu cầu của dự án mới.","Neutral"
"Tôi cảm thấy rất năng suất hôm nay.","Positive"
"Máy tính của tôi cứ bị treo liên tục, thật khó chịu.","Negative"
"Tôi đang cập nhật lịch cá nhân cho tuần tới.","Neutral"
"Tôi đang tận hưởng chương trình đào tạo kỹ năng mới này.","Positive"
"Tôi thất vọng với tiến độ chậm chạp của nhóm.","Negative"
"Tôi đang đọc bản tin nội bộ của công ty.","Neutral"
"Tôi đạt điểm tuyệt đối trong bài kiểm tra nhanh vừa rồi.","Positive"
"Tôi đã bỏ lỡ một email quan trọng từ sếp.","Negative"
"Tôi đang điền bảng chấm công cuối tháng.","Neutral"
"Đề xuất cải tiến quy trình của tôi đã được chấp nhận.","Positive"
"Tôi cảm thấy thiếu động lực làm việc dạo gần đây.","Negative"
"Đề cương môn học mới đã được đăng trực tuyến.","Neutral"
"Tôi cảm thấy tự tin về bài thuyết trình vào ngày mai.","Positive"
"Việc đi lại mỗi ngày đến văn phòng thực sự mệt mỏi.","Negative"
"Tôi đang đợi hệ thống phần mềm cập nhật xong.","Neutral"
"Tôi đã tìm được một nhóm học tập rất hiệu quả.","Positive"
"Tôi không thể tìm thấy thông tin cần thiết trên mạng nội bộ.","Negative"
"Tôi đang sắp xếp lại các tệp tài liệu trên máy tính.","Neutral"
"Thư viện trường có tất cả sách tham khảo tôi cần.","Positive"
"Tôi lo lắng về buổi đánh giá hiệu suất công việc sắp tới.","Negative"
"Tôi đang kiểm tra lại lịch học và phòng học.","Neutral"
"Người hướng dẫn luận văn của tôi rất tận tình và hữu ích.","Positive"
"Cà phê ở văn phòng hôm nay thật tệ.","Negative"
"Tôi vừa nộp bài tập lớn đúng hạn.","Neutral"
"Tôi học được cách sử dụng một công cụ mới rất hay.","Positive"
"Tôi cảm thấy bế tắc khi tìm ý tưởng cho bài luận.","Negative"
"Tôi đang xem lại biên bản cuộc họp tuần trước.","Neutral"
"Tôi rất vui vì được tham gia vào dự án thú vị này.","Positive"
"Tôi gặp khó khăn khi cộng tác với một đồng nghiệp khó tính.","Negative"
"Tôi đang trả lời các email tồn đọng từ hôm qua.","Neutral"
"Không khí làm việc hôm nay khá thoải mái và dễ chịu.","Positive"
"Tôi bị nhắc nhở vì quên gửi báo cáo đúng giờ.","Negative"
"Tôi đang chuẩn bị slide cho buổi chia sẻ kinh nghiệm.","Neutral"
"Tôi hài lòng với kết quả đàm phán với khách hàng.","Positive"
"Tôi cảm thấy mệt mỏi vì thiếu ngủ do làm việc khuya.","Negative"
"Tôi đang đăng ký môn học cho học kỳ tiếp theo.","Neutral"
"Tôi tìm thấy một lỗi logic quan trọng trong chương trình.","Positive"
"Tôi cảm thấy không được đánh giá đúng năng lực của mình.","Negative"
"Tôi đang đọc tài liệu hướng dẫn sử dụng thiết bị mới.","Neutral"
"Tôi rất thích môi trường làm việc cởi mở ở đây.","Positive"
"Tôi bị phân tâm bởi tiếng ồn từ công trường gần văn phòng.","Negative"
"Tôi đang chờ xe buýt để đến lớp học thêm.","Neutral"
"Tôi tự hào vì đã hoàn thành khóa học khó khăn này.","Positive"
"Tôi cảm thấy áp lực khi phải hoàn thành nhiều việc cùng lúc.","Negative"
"Tôi đang ghi chú lại những điểm quan trọng từ bài đọc.","Neutral"
"Tôi nhận được một email khen ngợi từ khách hàng cũ.","Positive"
"Tôi không đồng ý với quyết định mới của quản lý.","Negative"
"Tôi đang tham gia buổi thảo luận nhóm trực tuyến.","Neutral"
"Tôi đã tìm ra cách tự động hóa một công việc nhàm chán.","Positive"
"Tôi cảm thấy buồn vì dự án tâm huyết bị hủy bỏ.","Negative"
"Tôi đang xem lại danh sách công việc cần làm trong ngày.","Neutral"
"Tôi rất vui vì được sếp giao thêm trách nhiệm mới.","Positive"
"Tôi gặp sự cố khi truy cập vào hệ thống dữ liệu công ty.","Negative"
"Tôi đang đọc email thông báo về chính sách mới.","Neutral"
"Tôi học được kỹ năng giải quyết vấn đề hiệu quả hơn.","Positive"
"Tôi cảm thấy bị đối xử không công bằng trong việc thưởng phạt.","Negative"
"Tôi đang tìm kiếm thông tin về các hội thảo sắp tới.","Neutral"
"Tôi hài lòng với sự hỗ trợ nhiệt tình từ bộ phận kỹ thuật.","Positive"
"Tôi quên mất deadline quan trọng của môn học.","Negative"
"Tôi đang sắp xếp lại không gian học tập của mình.","Neutral"
"Tôi rất ấn tượng với phần trình bày của đồng nghiệp.","Positive"
"Tôi cảm thấy kiệt sức vì lịch trình làm việc quá dày.","Negative"
"Tôi đang tham khảo ý kiến của các anh chị khóa trên.","Neutral"
"Tôi đã hoàn thành tất cả các mục tiêu đề ra cho tuần này.","Positive"
"Tôi gặp khó khăn khi phải thuyết trình bằng tiếng Anh.","Negative"
"Tôi đang kiểm tra lại thông tin trước khi gửi email.","Neutral"
"Tôi rất vui vì nhận được sự công nhận cho nỗ lực của mình.","Positive"
"Tôi cảm thấy không có hứng thú với môn học này.","Negative"
"Tôi đang đọc các bài đánh giá về khóa học trực tuyến.","Neutral"
"Tôi tự tin rằng mình có thể hoàn thành tốt nhiệm vụ này.","Positive"
"Tôi bị lạc trong tòa nhà văn phòng mới.","Negative"
"Tôi đang chuẩn bị cho buổi thi vấn đáp.","Neutral"
"Tôi học được cách giao tiếp hiệu quả hơn với khách hàng.","Positive"
"Tôi cảm thấy thất vọng vì không được chọn vào đội dự án.","Negative"
"Tôi đang xem lại lịch sử chỉnh sửa của tài liệu.","Neutral"
"Tôi rất vui khi thấy nhóm làm việc đoàn kết và hiệu quả.","Positive"
"Tôi bị trễ giờ họp do kẹt xe.","Negative"
"Tôi đang cập nhật trạng thái công việc lên hệ thống quản lý.","Neutral"
"Tôi đã tìm ra một giải pháp đơn giản cho vấn đề phức tạp.","Positive"
"Tôi cảm thấy căng thẳng trước kỳ thi cuối kỳ.","Negative"
"Tôi đang đọc email xác nhận đăng ký thành công.","Neutral"
"Tôi hài lòng với sự linh hoạt trong giờ làm việc.","Positive"
"Tôi không tìm thấy tài liệu mà đồng nghiệp đã chia sẻ.","Negative"
"Tôi đang tham gia một cuộc họp online với đối tác.","Neutral"
"Tôi tự hào về kết quả học tập của mình trong học kỳ này.","Positive"
"Tôi cảm thấy bị cô lập và không được tham gia vào các cuộc thảo luận.","Negative"
"Tôi đang xem lại video bài giảng đã bỏ lỡ.","Neutral"
"Tôi rất vui vì đã giúp được một bạn mới trong lớp.","Positive"
"Tôi gặp khó khăn trong việc tập trung làm việc tại nhà.","Negative"
"Tôi đang chuẩn bị các câu hỏi cho người phỏng vấn.","Neutral"
"Tôi đã hoàn thành báo cáo thực tập và sẵn sàng nộp.","Positive"
"Bài thuyết trình nhóm của chúng tôi được giáo viên khen ngợi.","Positive"
"Tôi cảm thấy công việc hiện tại không có nhiều thử thách.","Negative"
"Tôi đang đọc tài liệu hướng dẫn của dự án.","Neutral"
"Sếp đã đồng ý với đề xuất tăng lương của tôi.","Positive"
"Buổi họp sáng nay không giải quyết được vấn đề gì cả, thật lãng phí thời gian.","Negative"
"Lịch làm việc tuần này đã được cập nhật trên hệ thống.","Neutral"
"Tôi vừa tìm ra một giải pháp rất thông minh cho vấn đề tồn đọng.","Positive"
"Tôi lại phải làm thêm giờ để hoàn thành công việc tồn đọng.","Negative"
"Công ty sẽ tổ chức một buổi đào tạo về kỹ năng mềm vào thứ Sáu.","Neutral"
"Không khí làm việc trong đội rất tích cực và mọi người hỗ trợ nhau.","Positive"
"Phần mềm mới cài đặt chạy rất chậm và hay bị lỗi vặt.","Negative"
"Tôi đang chuẩn bị slide cho buổi báo cáo tiến độ dự án ngày mai.","Neutral"
"Tôi học được một kỹ năng mới rất hữu ích từ workshop hôm qua.","Positive"
"Tôi lo lắng về kết quả bài kiểm tra cuối kỳ môn chuyên ngành.","Negative"
"Hệ thống email của công ty đang được bảo trì định kỳ.","Neutral"
"Khách hàng rất hài lòng với dịch vụ hỗ trợ của chúng tôi.","Positive"
"Tôi cảm thấy mệt mỏi vì phải di chuyển quá nhiều giữa các chi nhánh.","Negative"
"Tôi đang xem lại các ghi chú từ buổi họp trước.","Neutral"
"Dự án mới này có tiềm năng phát triển rất lớn.","Positive"
"Tôi không hiểu tại sao yêu cầu của tôi lại bị từ chối.","Negative"
"Tôi đang đợi phản hồi từ bộ phận nhân sự về đơn xin nghỉ phép.","Neutral"
"Tôi tự hào về những gì mình đã đóng góp cho công ty.","Positive"
"Chất lượng mạng internet ở văn phòng hôm nay rất tệ.","Negative"
"Tôi đang tìm kiếm thông tin cho bài nghiên cứu khoa học.","Neutral"
"Buổi team building cuối tuần thật vui và ý nghĩa.","Positive"
"Tôi cảm thấy bị đánh giá thấp hơn so với năng lực thực sự của mình.","Negative"
"Tôi đang sắp xếp lại các file tài liệu trên máy tính cho ngăn nắp.","Neutral"
"Tôi nhận được một món quà bất ngờ từ đồng nghiệp.","Positive"
"Deadline gấp quá, tôi sợ không kịp hoàn thành.","Negative"
"Tôi đang tham gia một khóa học trực tuyến để nâng cao kỹ năng.","Neutral"
"Tôi rất vui khi được làm việc với một đội ngũ chuyên nghiệp như vậy.","Positive"
"Tôi cảm thấy thất vọng với cách xử lý vấn đề của quản lý.","Negative"
"Tôi đang cập nhật hồ sơ năng lực cá nhân.","Neutral"
"Sáng kiến cải tiến của tôi đã được ban lãnh đạo phê duyệt.","Positive"
"Công việc này đòi hỏi sự tập trung cao độ, đôi khi rất căng thẳng.","Negative"
"Tôi đang kiểm tra lại lịch hẹn với khách hàng.","Neutral"
"Tôi tìm được một công cụ hỗ trợ công việc rất hiệu quả.","Positive"
"Tôi cảm thấy bị bỏ rơi trong các quyết định của nhóm.","Negative"
"Tôi đang soạn thảo email gửi cho đối tác.","Neutral"
"Tôi rất biết ơn sự giúp đỡ của bạn bè trong quá trình học tập.","Positive"
"Tôi không thể truy cập vào cơ sở dữ liệu của công ty.","Negative"
"Tôi đang xem xét các lựa chọn cho kỳ thực tập sắp tới.","Neutral"
"Kết quả kinh doanh quý này vượt xa chỉ tiêu đề ra.","Positive"
"Tôi cảm thấy áp lực khi phải đảm nhận quá nhiều trách nhiệm.","Negative"
"Tôi đang làm quen với quy trình làm việc mới.","Neutral"
"Tôi rất hào hứng với cơ hội được học hỏi từ các chuyên gia.","Positive"
"Tôi bị mất tập trung vì tiếng ồn từ bên ngoài.","Negative"
"Tôi đang ghi danh tham gia một hội thảo chuyên ngành.","Neutral"
"Tôi đã hoàn thành xuất sắc khóa đào tạo nâng cao nghiệp vụ.","Positive"
"Tôi cảm thấy chán nản vì công việc không có sự đổi mới.","Negative"
"Tôi đang chờ xác nhận thông tin từ phòng kế toán.","Neutral"
"Tôi rất vui vì đã giải quyết được một vấn đề kỹ thuật phức tạp.","Positive"
"Tôi gặp khó khăn trong việc giao tiếp với một đồng nghiệp mới.","Negative"
"Tôi đang đọc các quy định mới của thư viện trường.","Neutral"
"Tinh thần đồng đội của chúng tôi rất tuyệt vời.","Positive"
"Tôi cảm thấy bị quá tải thông tin sau buổi họp dài.","Negative"
"Tôi đang chuẩn bị hồ sơ để xin học bổng.","Neutral"
"Tôi nhận được phản hồi rất tích cực về bài viết của mình.","Positive"
"Tôi không hài lòng với chất lượng bữa trưa tại căng tin công ty.","Negative"
"Tôi đang tìm hiểu về các công nghệ mới nổi trong ngành.","Neutral"
"Tôi đã vượt qua kỳ thi chứng chỉ chuyên môn quan trọng.","Positive"
"Tôi cảm thấy mệt mỏi vì phải tham gia quá nhiều cuộc họp không cần thiết.","Negative"
"Tôi đang xem lại bản kế hoạch dự án.","Neutral"
"Tôi rất thích không khí làm việc năng động và sáng tạo ở đây.","Positive"
"Tôi bị sai sót trong việc nhập liệu, cần phải sửa lại.","Negative"
"Tôi đang đợi giáo viên chấm bài kiểm tra.","Neutral"
"Tôi học được nhiều điều bổ ích từ buổi chia sẻ kinh nghiệm.","Positive"
"Tôi cảm thấy không thoải mái với không gian làm việc chật chội.","Negative"
"Tôi đang cập nhật tiến độ công việc cho quản lý.","Neutral"
"Tôi rất vui vì được công nhận những nỗ lực của mình.","Positive"
"Tôi gặp rắc rối với việc cài đặt phần mềm mới.","Negative"
"Tôi đang chuẩn bị cho buổi phỏng vấn xin việc vào tuần sau.","Neutral"
"Tôi tự tin rằng mình sẽ hoàn thành tốt nhiệm vụ được giao.","Positive"
"Tôi cảm thấy bị đối xử không công bằng trong việc phân công dự án.","Negative"
"Tôi đang tìm kiếm tài liệu tham khảo cho bài luận cuối kỳ.","Neutral"
"Chương trình đào tạo này thực sự chất lượng và hữu ích.","Positive"
"Tôi lo lắng về việc thay đổi nhân sự trong bộ phận.","Negative"
"Tôi đang xem lại email thông báo của công ty.","Neutral"
"Tôi đã giải quyết ổn thỏa một khiếu nại của khách hàng.","Positive"
"Tôi cảm thấy thiếu động lực để bắt đầu một ngày làm việc mới.","Negative"
"Tôi đang lên kế hoạch chi tiết cho các công việc trong tuần.","Neutral"
"Tôi rất hào hứng khi được tham gia một dự án đầy thử thách.","Positive"
"Tôi bị lạc đường khi đến địa điểm họp với đối tác.","Negative"
"Tôi đang tham dự một webinar về xu hướng marketing.","Neutral"
"Tôi hoàn thành mục tiêu cá nhân sớm hơn dự kiến.","Positive"
"Tôi cảm thấy kiệt sức sau một tuần làm việc căng thẳng.","Negative"
"Tôi đang đọc chính sách phúc lợi mới của công ty.","Neutral"
"Tôi rất vui vì được làm việc trong một môi trường cởi mở.","Positive"
"Tôi quên mất một cuộc hẹn quan trọng với giảng viên.","Negative"
"Tôi đang sắp xếp lại bàn làm việc cho gọn gàng hơn.","Neutral"
"Tôi nhận được lời khen từ cấp trên về hiệu suất làm việc.","Positive"
"Tôi cảm thấy không phù hợp với văn hóa làm việc ở đây.","Negative"
"Tôi đang kiểm tra lại các yêu cầu kỹ thuật của sản phẩm.","Neutral"
"Tôi đã tìm ra nguyên nhân gây lỗi và khắc phục thành công.","Positive"
"Áp lực từ các chỉ tiêu doanh số khiến tôi khá căng thẳng.","Negative"
"Tôi đang chuẩn bị cho buổi họp nhóm vào chiều nay.","Neutral"
"Tôi rất hài lòng với sự hỗ trợ từ đội ngũ IT.","Positive"
"Tôi bị mất dữ liệu do máy tính đột ngột tắt nguồn.","Negative"
"Tôi đang xem lại lịch sử các giao dịch.","Neutral"
"Tôi được giao một vai trò quan trọng trong dự án sắp tới.","Positive"
"Công việc này có quá nhiều quy trình phức tạp và rườm rà.","Negative"
"Tôi đang chờ đợi kết quả đánh giá cuối năm.","Neutral"
"Tôi vừa nhận được email khen ngợi từ khách hàng về dự án.","Positive"
"Buổi học nhóm hôm nay rất hiệu quả, mọi người đều đóng góp tích cực.","Positive"
"Khóa học mới này cung cấp nhiều kiến thức thực tế và bổ ích.","Positive"
"Tôi cảm thấy rất tự tin sau khi hoàn thành bài kiểm tra.","Positive"
"Đồng nghiệp mới rất hòa đồng và dễ làm việc chung.","Positive"
"Tôi được sếp tin tưởng giao cho một dự án quan trọng.","Positive"
"Giải pháp tôi đề xuất đã giúp cải thiện đáng kể hiệu suất làm việc.","Positive"
"Không khí trong văn phòng hôm nay thật dễ chịu và thoải mái.","Positive"
"Tôi đã học được một phương pháp giải quyết vấn đề rất hay.","Positive"
"Chuyến đi công tác vừa rồi rất thành công và mang lại nhiều cơ hội mới.","Positive"
"Bài giảng của giáo sư rất cuốn hút và truyền cảm hứng.","Positive"
"Tôi cảm thấy rất vui khi được thăng chức lên vị trí mới.","Positive"
"Dự án chúng tôi thực hiện đã đạt được kết quả vượt mong đợi.","Positive"
"Hệ thống mới giúp công việc của tôi trở nên dễ dàng hơn nhiều.","Positive"
"Tôi tìm được một tài liệu tham khảo cực kỳ giá trị cho bài luận.","Positive"
"Buổi hội thảo hôm qua đã mở ra nhiều ý tưởng mới cho tôi.","Positive"
"Tôi rất thích sự linh hoạt trong lịch làm việc của công ty.","Positive"
"Mọi người trong nhóm đều rất ủng hộ ý tưởng của tôi.","Positive"
"Tôi đã hoàn thành tất cả các mục tiêu đề ra trong tháng này.","Positive"
"Tôi nhận được đánh giá cao từ người quản lý trong kỳ đánh giá vừa rồi.","Positive"
"Tôi rất hài lòng với môi trường làm việc hiện tại.","Positive"
"Công ty vừa có chính sách phúc lợi mới rất tốt cho nhân viên.","Positive"
"Tôi đã tìm ra cách tối ưu hóa quy trình làm việc hiện tại.","Positive"
"Buổi đào tạo kỹ năng rất thực tế và áp dụng được ngay.","Positive"
"Tôi cảm thấy tràn đầy năng lượng để bắt đầu một tuần làm việc mới.","Positive"
"Sự hợp tác giữa các phòng ban diễn ra rất suôn sẻ.","Positive"
"Tôi vừa hoàn thành một khóa học online và nhận được chứng chỉ.","Positive"
"Khách hàng đã ký hợp đồng lớn sau buổi thuyết trình của chúng tôi.","Positive"
"Tôi cảm thấy kỹ năng của mình đã tiến bộ rõ rệt.","Positive"
"Tôi rất vui vì được làm việc với những đồng nghiệp tài năng.","Positive"
"Bài báo cáo của tôi được đánh giá là xuất sắc.","Positive"
"Tôi được mời tham gia một dự án nghiên cứu rất thú vị.","Positive"
"Tôi đã giải quyết thành công một vấn đề tồn đọng lâu ngày.","Positive"
"Tôi cảm thấy quá tải với lượng công việc được giao.","Negative"
"Máy tính của tôi lại bị hỏng đúng lúc cần gấp.","Negative"
"Cuộc họp kéo dài mà không đi đến kết luận nào cả.","Negative"
"Tôi không thể tập trung làm việc vì văn phòng quá ồn ào.","Negative"
"Dự án bị trì hoãn do thiếu nguồn lực.","Negative"
"Tôi cảm thấy thất vọng với kết quả bài thi vừa rồi.","Negative"
"Giao tiếp với một số đồng nghiệp thực sự khó khăn.","Negative"
"Tôi bị sếp khiển trách vì một lỗi nhỏ.","Negative"
"Hệ thống mạng của công ty quá chậm, ảnh hưởng đến công việc.","Negative"
"Tôi cảm thấy công việc hiện tại không phù hợp với khả năng của mình.","Negative"
"Deadline đang đến gần mà tôi vẫn chưa hoàn thành xong.","Negative"
"Tôi cảm thấy bị đối xử không công bằng trong việc phân chia công việc.","Negative"
"Bài giảng hôm nay quá khó hiểu, tôi không theo kịp.","Negative"
"Tôi lo lắng về buổi thuyết trình quan trọng vào ngày mai.","Negative"
"Phần mềm mới rất khó sử dụng và thường xuyên bị lỗi.","Negative"
"Tôi cảm thấy mệt mỏi và kiệt sức sau một ngày làm việc dài.","Negative"
"Tôi không tìm thấy tài liệu cần thiết cho dự án.","Negative"
"Mâu thuẫn trong nhóm đang ảnh hưởng đến tiến độ chung.","Negative"
"Tôi bị từ chối đề xuất cải tiến quy trình.","Negative"
"Chính sách mới của công ty gây ra nhiều bất tiện.","Negative"
"Tôi cảm thấy áp lực phải đạt được chỉ tiêu quá cao.","Negative"
"Tôi không hài lòng với chất lượng buổi đào tạo trực tuyến.","Negative"
"Tôi gặp khó khăn trong việc thích nghi với môi trường làm việc mới.","Negative"
"Tôi cảm thấy bị đánh giá không đúng năng lực.","Negative"
"Tôi bỏ lỡ một thông báo quan trọng từ phòng nhân sự.","Negative"
"Công việc lặp đi lặp lại khiến tôi cảm thấy nhàm chán.","Negative"
"Tôi cảm thấy bị cô lập trong các hoạt động của nhóm.","Negative"
"Tôi bị mất tập trung khi làm việc tại nhà.","Negative"
"Yêu cầu của khách hàng lần này quá vô lý.","Negative"
"Tôi cảm thấy không được tôn trọng ý kiến trong các cuộc họp.","Negative"
"Tôi phải làm lại báo cáo vì có nhiều sai sót.","Negative"
"Tôi cảm thấy bế tắc trong việc tìm giải pháp cho vấn đề này.","Negative"
"Việc tăng ca liên tục khiến tôi không còn thời gian cho bản thân.","Negative"
"Tôi đang kiểm tra email công việc đầu ngày.","Neutral"
"Cuộc họp định kỳ của phòng sẽ diễn ra vào lúc 10 giờ.","Neutral"
"Tôi đang cập nhật tiến độ công việc trên hệ thống.","Neutral"
"Tôi cần chuẩn bị tài liệu cho buổi họp chiều nay.","Neutral"
"Hôm nay tôi có lịch phỏng vấn ứng viên mới.","Neutral"
"Tôi đang xem lại bản nháp của hợp đồng.","Neutral"
"Công ty sẽ có buổi tổng kết quý vào cuối tuần.","Neutral"
"Tôi đang ghi lại các ý chính của buổi đào tạo.","Neutral"
"Tôi cần gửi báo cáo tuần cho quản lý trước 5 giờ chiều.","Neutral"
"Phòng nhân sự vừa gửi thông báo về lịch nghỉ lễ.","Neutral"
"Tôi đang tìm hiểu thông tin về đối thủ cạnh tranh.","Neutral"
"Tôi sẽ tham gia một buổi workshop về kỹ năng thuyết trình.","Neutral"
"Tôi đang sắp xếp lại lịch trình công việc cho tuần tới.","Neutral"
"Tôi cần xác nhận lại thông tin với bộ phận kỹ thuật.","Neutral"
"Tôi đang đọc quy trình làm việc mới được ban hành.","Neutral"
"Tôi sẽ có một buổi gặp gỡ với đối tác vào ngày mai.","Neutral"
"Tôi đang điền phiếu khảo sát của công ty.","Neutral"
"Tôi đang tham khảo ý kiến đồng nghiệp về một vấn đề.","Neutral"
"Tôi cần đặt phòng họp cho buổi thảo luận nhóm.","Neutral"
"Tôi đang kiểm tra lại danh sách các đầu việc cần hoàn thành.","Neutral"
"Công ty đang tiến hành nâng cấp hệ thống phần mềm.","Neutral"
"Tôi đang xem lại nội dung email trước khi gửi.","Neutral"
"Tôi sẽ tham dự buổi lễ trao giải của công ty.","Neutral"
"Tôi đang chuẩn bị cho kỳ thi cuối kỳ.","Neutral"
"Tôi đang tìm thông tin liên hệ của một khách hàng.","Neutral"
"Tôi đang đọc tài liệu hướng dẫn sử dụng thiết bị mới.","Neutral"
"Bộ phận IT đang hỗ trợ cài đặt phần mềm cho tôi.","Neutral"
"Tôi đang xem lại kế hoạch marketing cho sản phẩm mới.","Neutral"
"Tôi cần in một số tài liệu quan trọng.","Neutral"
"Tôi đang chờ phản hồi email từ quản lý.","Neutral"
"Tôi đang đăng ký tham gia một khóa học ngoại ngữ.","Neutral"
"Tôi sẽ báo cáo kết quả công việc trong cuộc họp tới.","Neutral"
"Tôi đang sắp xếp lại các thư mục trên máy tính.","Neutral"
"Tôi đang ghi chép lại các yêu cầu của khách hàng.","Neutral"